商品名,取引金額 (円),投稿日,1000視聴回数取引金額 (円),広告視聴率,視聴回数,クリエイター,フォロワー数,動画ID,動画リンク
【水光チャージセット】エレキリフトジェル / ブライト エレキリフト 美顔器 Brighte ELEKI LIFT BLACK/ICE BLUE/PINK (ブライト エレキリフト ブラック/ブルー/ピンク),471万円,2026-09-17,807円,5.95%,584.23万,@kira_nazotoki,"2,635",7686457058228620552,https://www.tiktok.com/@kira_nazotoki/video/7686457058228620552
めくれるポーチ トラベルポーチ 小物ポーチ マルチポーチ 小物入れ コスメ収納 旅行 お出かけ アクセサリー ガジェット トラベルグッズ,342万円,2026-09-15,"2,895円",33.91%,117.98万,@bag_atrise,"7,013",7685686586930957586,https://www.tiktok.com/@bag_atrise/video/7685686586930957586
【肉厚1kg　銀鮭】 切り身 チリ産 冷凍 塩鮭 焼き魚 お弁当 朝ごはん 業務用,156万円,2026-09-12,"4,482円",47.51%,34.9万,@hapimaru_food,1.13万,7684582008047029512,https://www.tiktok.com/@hapimaru_food/video/7684582008047029512
【公式】 KITEN バルーンラッシュ まつ毛美容液 8ml,139万円,2026-09-15,661円,6.28%,210万,@mamikosuzukinozaki,286,7685587004028947713,https://www.tiktok.com/@mamikosuzukinozaki/video/7685587004028947713
【素肌アプデセット】エレキリフトジェルセット / ブライト エレキリフト 美顔器 Brighte ELEKI LIFT BLACK/ICE BLUE/PINK (ブライト エレキリフト ブラック/ブルー/ピンク),137万円,2026-08-24,"1,676円",3.73%,81.9万,@kira_nazotoki,"2,635",7677610103507275015,https://www.tiktok.com/@kira_nazotoki/video/7677610103507275015
柔らか肌触り メンズワイドパンツ 秋 ゆったりリラックスパンツ 無地ロングパンツ ウエストゴム 大きいサイズ M‑5XL,126万円,2026-09-08,"1,453円",17.03%,86.93万,@_tonsokuchan,541,7683077604575874324,https://www.tiktok.com/@_tonsokuchan/video/7683077604575874324
【挑戦価格】 令和８年度産・千葉県産コシヒカリ100％【9月中旬精米】 5kg｜ふっくら、やさしい甘みを毎日の食卓へ,124万円,2026-09-18,"5,277円",27.57%,23.49万,@hapimaru_food,1.13万,7686816047973911815,https://www.tiktok.com/@hapimaru_food/video/7686816047973911815
【公式】ELLISS-エルリス リポソーマルビタミンC 1000mg 選べるレモン風味 あまおう風味 30包,122万円,2026-09-17,175円,1.72%,694.18万,@furutftz7f6,1.14万,7686286682219482388,https://www.tiktok.com/@furutftz7f6/video/7686286682219482388
靴用洗濯ネット 2枚セット 洗濯機で丸洗い 上履き 洗濯ネット 靴 洗濯 スニーカー シューズネット 靴洗い ネット 上履き洗い ブラシ 靴用ネット 時短 家事 子供 2枚組,115万円,2026-09-08,523円,5.79%,219.61万,@marlotmg8c6,"2,033",7682771200916933906,https://www.tiktok.com/@marlotmg8c6/video/7682771200916933906
柔らか肌触り メンズワイドパンツ 秋 ゆったりリラックスパンツ 無地ロングパンツ ウエストゴム 大きいサイズ M‑5XL,107万円,2026-09-20,"1,360円",11.48%,78.41万,@roth.roth220,"1,334",7687523886639910152,https://www.tiktok.com/@roth.roth220/video/7687523886639910152
1【かわいいスクイーズおもちゃ】柔らかい食品用シリコン、スローバウンスでストレス解消おもちゃ Squishy W1,106万円,2026-09-18,"1,122円",12.84%,94.86万,@yamizooe,197,7686857143605021969,https://www.tiktok.com/@yamizooe/video/7686857143605021969
【公式】 KITEN バルーンラッシュ まつ毛美容液 8ml,102万円,2026-09-16,550円,6.18%,184.88万,@burichan4u,"1,177",7686072590775127317,https://www.tiktok.com/@burichan4u/video/7686072590775127317
Gap公式 リラックス ロゴ ジップアップパーカー メンズ 674144,101万円,2026-08-04,838円,9.63%,120.19万,@__3242r,1.48万,7670134970173639944,https://www.tiktok.com/@__3242r/video/7670134970173639944
1【かわいいスクイーズおもちゃ】柔らかい食品用シリコン、スローバウンスでストレス解消おもちゃ Squishy W2,100万円,2026-09-16,"1,444円",7.02%,69.19万,@yamizooe,197,7686054571558309127,https://www.tiktok.com/@yamizooe/video/7686054571558309127
柔らか肌触り メンズワイドパンツ 秋 ゆったりリラックスパンツ 無地ロングパンツ ウエストゴム 大きいサイズ M‑5XL,97万円,2026-09-17,"1,581円",19.44%,61.14万,@_tonsokuchan,541,7686451319070002452,https://www.tiktok.com/@_tonsokuchan/video/7686451319070002452
2026秋新作 ユニセックス カラフルマウンテンパーカー ビッグシルエット 防風アウター,97万円,2026-09-15,"1,620円",0%,59.93万,@rebekahming41,"4,005",7685736022348664072,https://www.tiktok.com/@rebekahming41/video/7685736022348664072
Tsuki-電動美容カッサ ボディケア機器 低評価は旧コード式の表示ミスによるものです｜現在は全て充電式 専用マッサージオイル  電動美容カッサ ボディケア機器 12段階= 6段階吸引＆6段温熱機能付き LED表示 USB充電式,95万円,2026-09-18,502円,0.63%,188.92万,@_tonsokuchan,541,7686818493399862549,https://www.tiktok.com/@_tonsokuchan/video/7686818493399862549
【公式】ELLISS-エルリス リポソーマルビタミンC 1000mg 選べるレモン風味 あまおう風味 30包,93万円,2026-09-18,197円,1.14%,473.15万,@remi...chan,2.72万,7686752126655089927,https://www.tiktok.com/@remi...chan/video/7686752126655089927
【100W急速充電】Type-C ケーブル 満充電で自動電源オフ 過充電防止 LEDライト付き 高耐久 高速データ転送 スマホ充電器 iPhone15/16/Android/MacBook/iPad対応,92万円,2026-09-19,"2,728円",37.62%,33.74万,@xxf5089,757,7687090762143649032,https://www.tiktok.com/@xxf5089/video/7687090762143649032
本革ミニ財布【choutrente シュトレンテ】 財布 レディース 二つ折り 本革 かわいい 小さい 小銭入れ付きカードケース じゃばら 財布 磁気 スキミング防止 ICカード RFID 京童工房【kc-01】,89万円,2026-07-14,367円,4.11%,242.57万,@usagi_mochi3,"1,613",7662032919678192917,https://www.tiktok.com/@usagi_mochi3/video/7662032919678192917
【今週限定58％オフ＋300円クーポン配布中】IroDori Plus 高反発防水ラグ｜おしゃれで快適な選択｜一年中使用可能｜撥水加工｜厚手・洗濯可能｜防音・滑り止め｜床暖・ホットカーペット対応｜柔らかマイクロファイバー・長方形・多サイズ展開,83万円,2026-09-15,395円,3.58%,209.44万,@wansan_minimal,"7,812",7685693260693736712,https://www.tiktok.com/@wansan_minimal/video/7685693260693736712
【新規購入者様限定！特別クーポン利用で50%OFF！！！】  レンジで焼鮭 ドドンと600g入！ 約10切入 グリル不要 冷凍 鮭 切り身 さけ 訳あり 焼き鮭 銀鮭 加熱済 1kg 個包装 切り落とし 塩鮭 家庭用 焼き魚 サケ 切身 冷凍食品 魚 冷凍鮭 鮭の切り身 自然解凍 そのまま レンチン B級 冷凍保存 朝食 時短 弁当 小分け,83万円,2026-09-16,"1,314円",15.74%,62.83万,@yuri.takutore40,"3,876",7685995975713754388,https://www.tiktok.com/@yuri.takutore40/video/7685995975713754388
【BARGOCH】ストッパー付き スーツケース 機内持ち込み フレームタイプ S/M/Lサイズ USB充電ポート カップホルダー 軽量 大容量 キャリーケース ダイヤルロック ダブルキャスター バッグ 1-3泊 4-6泊 7泊～ 最大2年保証,81万円,2026-09-14,766円,8.95%,106万,@enu7537,1.88万,7685336609448889621,https://www.tiktok.com/@enu7537/video/7685336609448889621
【澄んだ肌必】JOOCYEEヴェールグロウチーク 「AURA」ブラッシュ　 水光チーク 透けツヤ パール 透明感 光沢感 高発色,80万円,2026-09-16,"1,645円",16.43%,48.88万,@sandyy4814,"5,319",7686014850727791892,https://www.tiktok.com/@sandyy4814/video/7686014850727791892
BBX リポソームNMN リポソームビタミンCサプリ90錠（30日分）【医師監修/日本製】 栄養機能食品 ビタミンC ビタミンE ビオチン ビタミンA ビタミンD NMN サプリメント,79万円,2026-09-17,"8,617円",26.67%,9.23万,@satochan_goods,"1,988",7686355907206319381,https://www.tiktok.com/@satochan_goods/video/7686355907206319381
【水光チャージセット】エレキリフトジェル / ブライト エレキリフト 美顔器 Brighte ELEKI LIFT BLACK/ICE BLUE/PINK (ブライト エレキリフト ブラック/ブルー/ピンク),78万円,2026-09-17,"1,037円",10.82%,74.8万,@kira_nazotoki,"2,635",7686455793427795218,https://www.tiktok.com/@kira_nazotoki/video/7686455793427795218
【新色ストライプ登場】ジャージみたいなセットアップ テーラード ジャケット スラックス 洗える カジュアルスーツ 上下セット セットアップ メンズ スーツ  オフィスカジュアル ビジネスカジュアル,73万円,2026-09-15,600円,6.94%,122.01万,@lotus___life,"3,581",7685527773728754951,https://www.tiktok.com/@lotus___life/video/7685527773728754951
PRITOM Android 16 タブレット 10.1インチ Wi‑Fiモデル、Google Play対応、GMS認証済み。16GB＋64GB、キーボード・タッチペン・ケース・マウス付属。6000mAhの大容量バッテリー搭載。2MP＋8MPのデュアルカメラ。Androidタブレット、大画面タブレット、モバイルタブレット。学習用、オンライン授業、テレワーク、在宅勤務、動画視聴、映画鑑賞、ネット閲覧、メール、SNSに対応。子供から大人まで対応。,70万円,2026-09-12,"1,145円",14.22%,61.49万,@ututensai,2.62万,7684395561012694290,https://www.tiktok.com/@ututensai/video/7684395561012694290
メンズマニュアルシェービングカミソリセット ハンドル 2 個 + 代わりにえブレード 30/60 一枚の選択べる 正確なステンレスかみそりの刃 滑りやすいらかシェービング対応 男性用グルーミング必需品 大容量セット,70万円,2026-09-16,"1,158円",0%,60.03万,@yellow_duck_p,"1,298",7686090626382744853,https://www.tiktok.com/@yellow_duck_p/video/7686090626382744853
眉毛 シェーバー レディース フェイスシェーバー 女性 フェイス用ムダ毛 女性用 電動カミソリ 顔剃り USB充電 コードレス マユコーム付き お肌に優しい 眉毛カッター 痛くない 眉 顔用 うぶ毛 産毛 コンパクト,69万円,2026-09-04,"1,387円",16.62%,49.86万,@mensupro,"2,293",7680216616201637140,https://www.tiktok.com/@mensupro/video/7680216616201637140
【特別クーポンで50％OFF】【お試し用】あたりめ 200g 形不揃い・切れ端 するめ スルメ メガ盛り お徳用 おつまみ 珍味 いか スルメイカ するめいか 酒の肴 在宅 中国産 メール便,68万円,2026-09-12,"1,381円",18.47%,49.36万,@mami07819,1.39万,7684484582762302741,https://www.tiktok.com/@mami07819/video/7684484582762302741
【公式】ELLISS-エルリス リポソーマルビタミンC 1000mg 選べるレモン風味 あまおう風味 30包,67万円,2026-09-16,200円,0%,335.33万,@rururungirly,"5,265",7685801367172074770,https://www.tiktok.com/@rururungirly/video/7685801367172074770
AYUNE NO.3 セラム　毛穴美容液　β-グルカン　グリシルグリシン　ナイアシンアミド　TECA,67万円,2026-09-07,"1,397円",14.51%,47.78万,@tensi.chan,140,7681566763993124116,https://www.tiktok.com/@tensi.chan/video/7681566763993124116
アディダス ケーブル ニット ファイヤーバード トラックトップ｜Black / Utility Black,66万円,2026-09-18,825円,8.67%,80.58万,@7agisa18,2.42万,7686813011021057301,https://www.tiktok.com/@7agisa18/video/7686813011021057301
SOLSOL 2026年新作 ユニセックス 配色フード ジップアップパーカー オーバーサイズ 丁寧な仕上げ,66万円,2026-09-13,670円,8.04%,99万,@karina_cloest,412,7684904280180067604,https://www.tiktok.com/@karina_cloest/video/7684904280180067604
【医師監修/特許技術】NOID マグネシウムバーム［90日分］高吸収 リポソーム 濃縮 海洋深層水 マグネシウム 経皮吸収 ドクターズ マグネシウムクリーム 塩化マグネシウム 国産 MG 塗る 入浴剤 塗る サプリ 肩こり マッサージ 首 腰 スポーツ マッサージクリーム 慢性疲労 疲労回復 マグネシウムオイル ノイド 高濃度 ボディバター,66万円,2026-07-16,"3,355円",51.95%,19.67万,@nao_health_beauty_baby,1.42万,7662901736696188181,https://www.tiktok.com/@nao_health_beauty_baby/video/7662901736696188181
車用スマホホルダー ナノゲル吸着×真空吸盤W固定構造 360度回転 片手操作 iPhone/Android全機種対応 カー用品,65万円,2026-09-14,"2,878円",0.64%,22.46万,@jaspercorne9624,"1,230",7685301635068857620,https://www.tiktok.com/@jaspercorne9624/video/7685301635068857620
踏み抜き防止・刺さり防止 安全シューズ 回転ダイヤル式 軽量 スニーカースタイルの作業靴／安全シューズ（工事・倉庫・工場・配送向け）,62万円,2026-09-19,929円,10.00%,67.08万,@bkolhddujub,"1,159",7687216060298448149,https://www.tiktok.com/@bkolhddujub/video/7687216060298448149
【動画限定】MEDULLA 髪質改善×超音波アイロン ソニックシャインプロ 実質無料ヘアマスク,61万円,2026-08-05,"1,588円",22.42%,38.72万,@juuun.zip,337,7670376431741898002,https://www.tiktok.com/@juuun.zip/video/7670376431741898002
bluetooth イヤホン ワイヤレスイヤホン Bluetooth5.4  ノイズキャンセリング Type-C急速充電 IPX7防水 自動ペアリング,61万円,2026-09-20,6万円,0%,"9,682",@phyo.ei.khaing653,"1,355",7687369028691643655,https://www.tiktok.com/@phyo.ei.khaing653/video/7687369028691643655
ワイヤレスイヤホン Bluetooth対応 スポーツイヤホン 耳掛け式 ランニングイヤホン フィットネス用 安定した装着感 14.2mmダイナミックドライバー バランスの良いサウンド IPX5防水対応 防汗仕様 最大145時間再生可能 マイク付き 通話対応 iPhone・Android対応,61万円,2026-09-16,936円,11.79%,64.94万,@subzdqmzhodb,993,7685677702921211144,https://www.tiktok.com/@subzdqmzhodb/video/7685677702921211144
モバイルバッテリー 軽量 小型  22800mAh  バッテリー 大容量 22.5W 急速充電 5台同時充電 充電器 ケーブル内蔵 携帯充電器 SCP 22.5W/PD 20W/QC 3.0最速 機内持込 防災グッズ 扇風機 ハンディファン iPhone iPad Android 対応,61万円,2026-09-02,225円,2.52%,269.95万,@wansan_minimal,"7,812",7680747576680828178,https://www.tiktok.com/@wansan_minimal/video/7680747576680828178
柔らか肌触り メンズワイドパンツ 秋 ゆったりリラックスパンツ 無地ロングパンツ ウエストゴム 大きいサイズ M‑5XL,61万円,2026-09-15,"1,440円",14.62%,42.02万,@andouqwe,"1,232",7685688718954433810,https://www.tiktok.com/@andouqwe/video/7685688718954433810
1【かわいいスクイーズおもちゃ】柔らかい食品用シリコン、スローバウンスでストレス解消おもちゃ Squishy W1,61万円,2026-09-16,852円,8.70%,71.81万,@valerrnnkgr,241,7686054909917072647,https://www.tiktok.com/@valerrnnkgr/video/7686054909917072647
【秋限定オファー】香り付き濃縮ジェルランドリーボール 5つの効果（洗浄・消臭・柔軟・抗菌・すすぎ1回で汚れ落ち） 大容量198個入り 洗濯簡単便利,60万円,2026-09-14,402円,1.76%,150.13万,@purinpu_,"1,247",7685151778391756053,https://www.tiktok.com/@purinpu_/video/7685151778391756053
エアフライヤー レシピ 付き コンパクト 耐熱ガラス ガラス ノン ノンオイルフライヤー ノンフライヤー 食洗機 対応 調理 フライ 家電 省 スペース 節約 軽量 小型 キッチン 簡単 ガラス製 ノンフライヤー器 大容量,60万円,2026-09-04,"3,573円",32.21%,16.83万,@saba_sweets,2.15万,7681295006195371282,https://www.tiktok.com/@saba_sweets/video/7681295006195371282
柔らか肌触り メンズワイドパンツ 秋 ゆったりリラックスパンツ 無地ロングパンツ ウエストゴム 大きいサイズ M‑5XL,60万円,2026-09-16,"1,575円",20.40%,37.97万,@chun.tun7,1.03万,7685994636015357191,https://www.tiktok.com/@chun.tun7/video/7685994636015357191
アメリカンスタイルのハイストリート風、レイヤード風のフード付き長袖Tシャツ（男女兼用）、2025年秋モデル、リラックス感のあるVネック、大きいサイズ,59万円,2026-09-17,"1,076円",12.74%,54.74万,@greenpi3,"2,049",7686182511134788882,https://www.tiktok.com/@greenpi3/video/7686182511134788882
レディース 春秋 韓国系 ルーズシルエット ホワイト V ネック バットスリーブニット 柔らか肌触り ウエスト絞り 長袖トップス**,59万円,2026-09-15,438円,4.88%,134.18万,@greenpi3,"2,049",7685448743642074375,https://www.tiktok.com/@greenpi3/video/7685448743642074375
DNZZS スウェット プルスウェット 男 裏起毛 ふんわり 秋 冬 ヴィンテージ感 クルーネック カジュアル 柔らかい 通気 すっきり デイリー コーデ  おしゃれ シンプル ファッション リラックス ゆったり オーバーサイズ ストリートLT-MT-111,59万円,2026-09-18,201円,0%,291.33万,@0xlly_l,3.1万,7686794464978898196,https://www.tiktok.com/@0xlly_l/video/7686794464978898196
C500 Microphone Mixer サウンドカードキャスター生中継全セット携帯電話パソコン共通ワンタッチ変音eスポーツ叫麦K歌神器  プロ録音音質（プロサウンドモデル）,57万円,2026-09-06,728円,8.47%,78.36万,@ziari810,"4,527",7682069266379705621,https://www.tiktok.com/@ziari810/video/7682069266379705621
【公式】オットキャスト Ottocast Play2Video Ultra Android 12 CarPlay Box 人気アプリTVer/YouTube/Netflix/Prime Videoが視聴可能 2016年以降の純正で有線のカープレイ搭載車に対応,57万円,2026-09-17,"1,367円",16.09%,41.48万,@salaryman_mikata,"3,305",7686297876246383892,https://www.tiktok.com/@salaryman_mikata/video/7686297876246383892
【9月8日0:00～ ステッカー付※なくなり次第終了】【公式】HARIAS(ハリアス) 薬用クッションファンデーション SPF50+/PA+++ ナイアシンアミド 高濃度フラバンジェノール 医薬部外品 美容液 薬用クッションファンデーション,56万円,2026-09-17,555円,6.49%,100.13万,@akanukemeimei,"1,493",7686514533275274513,https://www.tiktok.com/@akanukemeimei/video/7686514533275274513
【無添加・無塩 骨取り済み！】 希少な国産 さば サバ 鯖 グラムが選べる約1kg(6〜9枚）約2kg(12〜18枚）骨取り 国産サバ 海鮮 天然 美味しい 魚 魚介 海産物 おかず おつまみ 乾き物 酒の肴 贈り物 お取り寄せ,55万円,2026-09-17,"2,373円",29.07%,23.06万,@orichoukatu,1.1万,7686294347347741960,https://www.tiktok.com/@orichoukatu/video/7686294347347741960
レディース リブ長袖Tシャツ ボタンデザイン 無地 スリムフィット 韓国風カットソー 秋用トップス インナー 着回し 通勤通学,53万円,2026-09-17,831円,4.64%,63.34万,@haruuki.89,"1,175",7686402648580312328,https://www.tiktok.com/@haruuki.89/video/7686402648580312328
【公式】アリスソックス 単品 着圧ソックス 高着圧 モモピタ ダイエット ニーハイ レディース,52万円,2026-09-16,257円,2.99%,202.83万,@oneshinemuscatplease_,"1,691",7686030699962387719,https://www.tiktok.com/@oneshinemuscatplease_/video/7686030699962387719
【dadawoca】立ち仕事やスポーツに 衝撃吸収 通気性抜群 快適インソール 男女兼用,52万円,2026-08-06,251円,2.89%,205.13万,@naminumarecipe,4万,7670831095004564756,https://www.tiktok.com/@naminumarecipe/video/7670831095004564756
眉毛 シェーバー レディース フェイスシェーバー 女性 フェイス用ムダ毛 女性用 電動カミソリ 顔剃り USB充電 コードレス マユコーム付き お肌に優しい 眉毛カッター 痛くない 眉 顔用 うぶ毛 産毛 コンパクト,51万円,2026-09-20,"1,890円",22.25%,26.74万,@kurastore,1.23万,7687487868176043282,https://www.tiktok.com/@kurastore/video/7687487868176043282
【HUG.U】 2026AW新作 インナー シアー レイヤード ロンT レディース トップス ロング Tシャツ カットソー プルオーバー 重ね着 透け g217,50万円,2026-09-12,1万円,0%,4.21万,@hug.u_official,4.81万,7684177337000234260,https://www.tiktok.com/@hug.u_official/video/7684177337000234260
XBJ 1080P 400 ルーメンプロジェクターは 360 度回転機能・自動台形補正を搭載。Bluetooth5.5とワイヤレス HDMI でスマホやゲーム機と簡単接続。コンパクト設計で場所を取らず、ホリデーシーズンの贈り物にピッタリなホームシアターです。,49万円,2026-08-27,"1,128円",10.82%,43.36万,@stempleroxie0972,227,7678389292925865237,https://www.tiktok.com/@stempleroxie0972/video/7678389292925865237
電動美容カッサ ボディケア機器【使用時はオイルを塗ってご使用ください 】6/9段階吸引＆温熱 美容機器 スキンケア 全身エステ（肩・背中・腰・腕・足） LED表示 USB充電式 リラックス 集中アプローチ ホワイト,49万円,2026-09-15,218円,2.33%,223.62万,@monx6952t1l,275,7685592092889910546,https://www.tiktok.com/@monx6952t1l/video/7685592092889910546
[送料無料][Aoita]財布 メンズ 長財布 栃木レザー 本革 ボックス型の小銭入れ 大容量 カード縦入れ カード16枚 YKKファスナー 通帳ポケット 一流の革職人が作る 紳士 ビジネス 金運 ギフトにおすすめ,48万円,2026-09-13,872円,11.18%,54.74万,@taku_takkun_,2.68万,7683927832958864647,https://www.tiktok.com/@taku_takkun_/video/7683927832958864647
Radi-Cool素材使用／日傘 折りたたみ 形状記憶 完全遮光 自動開閉 傘 超軽量 わずか210g 折りたたみ傘 ワンタッチ 自動開閉 遮熱 涼しい 晴雨兼用 遮光率100% UVカット 頑丈 撥水加工 風に強い 親骨 6本骨「年間ランキング受賞」,48万円,2026-09-15,"6,149円",0%,7.85万,@david.oheli,"1,193",7685740629934083348,https://www.tiktok.com/@david.oheli/video/7685740629934083348
とろけるような肌触り！オールシーズン フランネル キルティングラグ おしゃれ対応90x130cm/130×185cm/185×185cm/185×240cm  丸洗いok  おしゃれでふんわりやわらか 床暖房・ホットカーペット対応 滑り止め加工,47万円,2026-09-11,564円,6.79%,83.66万,@asu_kurashi,2.24万,7684067694206897426,https://www.tiktok.com/@asu_kurashi/video/7684067694206897426
【TYMO公式】自動巻きカールアイロン CURLPRO｜初心者向け・ワンタッチ全自動カール｜1年保証付き・製品不具合の場合は無料交換｜直径32mmのやや太めの Barrel で、自然でゆるやかなカールに。推奨ヘア長：肩〜胸下程度｜約10分でサロン級のカール、360°の熱対策・絡まり防止・左右巻き切り替え、8秒お知らせ機能、マイナスイオン搭載｜ショート・ボブ・ロングに対応,47万円,2026-09-18,"1,474円",10.40%,31.98万,@saorincopi,"5,567",7686536026113789192,https://www.tiktok.com/@saorincopi/video/7686536026113789192
[予約販売] Beelicious ノンフライヤー 4.5L 大容量、静音マットブラック ・見える窓付き、エアフライヤー、油カット、省エネ、最高温度220℃、1-5人用、家庭用、テーブルトップ、電動フライヤー,47万円,2026-09-21,"1,171円",13.77%,39.92万,@takasabu2742,1.92万,7687803399185681685,https://www.tiktok.com/@takasabu2742/video/7687803399185681685
キッチンクロス 油汚れ 油 吸水 油汚れクロス  ふきん タオル マイクロファイバー 全4色 コンロ ガスレンジ IH 排気口 台拭き キッチン 食器 掃除 汚れ 簡単お手入れ【euni-42】,47万円,2026-09-03,548円,6.76%,85.78万,@ngcdim2713,"1,270",7681256263644564743,https://www.tiktok.com/@ngcdim2713/video/7681256263644564743
【公式】AMEILA-アメイラ　ナノバブルクレンジング　CICA×レチノール配合　150ml,45万円,2026-09-16,179円,1.96%,252.53万,@yoji.beauty,"3,907",7686073961989410069,https://www.tiktok.com/@yoji.beauty/video/7686073961989410069
【医師監修/特許技術】NOID マグネシウムバーム［90日分］高吸収 リポソーム 濃縮 海洋深層水 マグネシウム 経皮吸収 ドクターズ マグネシウムクリーム 塩化マグネシウム 国産 MG 塗る 入浴剤 塗る サプリ 肩こり マッサージ 首 腰 スポーツ マッサージクリーム 慢性疲労 疲労回復 マグネシウムオイル ノイド 高濃度 ボディバター,45万円,2026-06-28,"2,768円",43.52%,16.33万,@shinshin_shoujikireview,1.16万,7656268371310251271,https://www.tiktok.com/@shinshin_shoujikireview/video/7656268371310251271
プロも愛用するするダマスカスモデル様 8 インチシェフナイフ✨15° 鋭角でカットれ素晴らしい味|天然木ハンドル肉・野菜・魚に対応した牛刀包丁,45万円,2026-09-10,697円,3.49%,64.86万,@karako_kitchen,3.27万,7683819365514382613,https://www.tiktok.com/@karako_kitchen/video/7683819365514382613
Enchenal Lab 電動シェーバー メンズ 往復式 髭剃り 小型 深剃り 0.05mm薄ハニカムメッシュ刃 高速駆動 長持ちバッテリー 出張 旅行 携帯用,45万円,2026-05-10,264円,0.70%,170.74万,@da_osusume,1.8万,7638092305290906900,https://www.tiktok.com/@da_osusume/video/7638092305290906900
和風の多機能デニムバックパック、ウォッシュ加工のデニムの3WAYバッグ、ワンショルダー・斜め掛け・背負えるリュック、男女兼用カップル向けモデル、複数の収納スペースを備えたカジュアルで合わせやすいバッグ、大容量、学生や通勤・日常使いに最適なトートバッグ,45万円,2026-09-13,336円,4.02%,134.06万,@user8744152168783,543,7684663293360803079,https://www.tiktok.com/@user8744152168783/video/7684663293360803079
【公式】by one sii バイワンシー ブースタートリートメント 導入泡美容液 200ml 無香料,44万円,2026-09-18,134円,1.29%,329.68万,@rururungirly,"5,265",7686688793591598344,https://www.tiktok.com/@rururungirly/video/7686688793591598344
育毛剤KAMISTRO(カミストロ)｜性別不問　40g,44万円,2026-09-05,673円,8.62%,65.6万,@motetaidake,"5,406",7681878320241184020,https://www.tiktok.com/@motetaidake/video/7681878320241184020
"【今だけ6,000円OFFクーポン】アクションカメラ ポケットジンバル 4K 動画撮影 7500万画素 32GBメモリカード付属 小型 軽量 1.72インチ画面 Bluetooth6.1 高性能【PL保険加入済み製品・安心】",44万円,2026-09-15,"1,575円",19.72%,27.98万,@uichan.818,"1,275",7685726684259306760,https://www.tiktok.com/@uichan.818/video/7685726684259306760
セインムー EVERSUISO（エバースイソ）純度100％ 独自技術・持続発生型水素補給サプリメント,44万円,2026-06-01,5万円,>90%,"9,061",@k0sei129,"3,070",7646205294908804370,https://www.tiktok.com/@k0sei129/video/7646205294908804370
YUMI BAG マルチポケット ミニボストンバッグ 2026年新作 レディース 3WAY PUレザー 軽量 380g 大容量収納 ファスナー開閉 口も手持ち・肩掛け・斜め掛け可能 通勤・通学・旅行・お出かけ・普段使いに適した上品でカジュアルなスタイル,44万円,2026-09-11,603円,7.80%,72.31万,@yumibagdirect,"1,408",7684209844399770901,https://www.tiktok.com/@yumibagdirect/video/7684209844399770901
【無添加・無塩 骨取り済み！】 希少な国産 さば サバ 鯖 グラムが選べる約1kg(6〜9枚）約2kg(12〜18枚）骨取り 国産サバ 海鮮 天然 美味しい 魚 魚介 海産物 おかず おつまみ 乾き物 酒の肴 贈り物 お取り寄せ,43万円,2026-09-13,"2,386円",37.45%,18.23万,@cook_taka_aki,"4,710",7684954465371294997,https://www.tiktok.com/@cook_taka_aki/video/7684954465371294997
【公式】 KITEN バルーンラッシュ まつ毛美容液 8ml,43万円,2026-09-02,541円,6.74%,80.24万,@himesma_kawaii,"2,913",7680787396203466005,https://www.tiktok.com/@himesma_kawaii/video/7680787396203466005
Monster-D 0 2トランスレーションイヤフォン-AIスマートノイズキャンセレーションとワイヤレスBluetoothを搭載し、非常に長いバッテリー寿命を実現しています。,43万円,2026-09-09,214円,1.41%,201.94万,@asu_kurashi,2.24万,7683421171932515602,https://www.tiktok.com/@asu_kurashi/video/7683421171932515602
Y2K ミレニアル レトロ フルジップパーカー＆刺繍入りワイドレッグスウェットパンツ2点セット、アメリカンストリート風ルーズスポーツウェア、メンズ用,43万円,2026-09-19,256円,0%,168.34万,@fishfi1231,195,7687069692950859026,https://www.tiktok.com/@fishfi1231/video/7687069692950859026
【お得な3点セット】サロン帰りのような美髪へ。　ネクサス　ケラフィックスリペア　シャンプー＋トリートメント＋　プロメンド　オイルリザレクション　ヘアオイルセット,43万円,2026-04-15,"3,202円",49.25%,13.4万,@momonaol,"1,331",7628947364874734856,https://www.tiktok.com/@momonaol/video/7628947364874734856
2026年クリスマスアドベントカレンダー、24日間カウントダウンカレンダー、ラメ付きミニ餃子型スクイーズおもちゃ、子ども向けのクリスマスギフト,43万円,2026-09-16,566円,0%,75.52万,@khl0807,846,7686019679554456852,https://www.tiktok.com/@khl0807/video/7686019679554456852
期間限定割引[眼鏡ケース 眼鏡拭き付属]韓国版女性超軽量変色眼鏡 近視用メガネ レディース調光メガネ 超軽量 ブルーライトカット 変色サ (対応 PC＋金属フレーム 日中夜兼用 おしゃれメガネ アジア人の顔型にフィットする設計,43万円,2026-09-11,447円,5.16%,95.43万,@beyan_diet,"8,087",7684233216991055122,https://www.tiktok.com/@beyan_diet/video/7684233216991055122
1【かわいいスクイーズおもちゃ】柔らかい食品用シリコン、スローバウンスでストレス解消おもちゃ Squishy W2,43万円,2026-09-17,"3,027円",38.92%,14.2万,@valerrnnkgr,241,7686428379540720913,https://www.tiktok.com/@valerrnnkgr/video/7686428379540720913
1【ストレス解消トイ-デザートシリーズ】かわいいスクイーズおもちゃ、ふわふわの食品グレードシリコンゆっくりとした反動でストレス解消になるおもちゃ,43万円,2026-09-12,"2,683円",28.91%,15.93万,@coykendallsnellenbe,342,7684223881758035220,https://www.tiktok.com/@coykendallsnellenbe/video/7684223881758035220
【BnD 日本公式】 アンダーアーム ボディクリーム 100g デリケートゾーン スキンケア,41万円,2026-07-28,681円,1.21%,60.56万,@remi...chan,2.72万,7667496215797435655,https://www.tiktok.com/@remi...chan/video/7667496215797435655
背中の洗浄に特に適したアフリカンネットスポンジ（結びタイプ） あかすりタオル 垢すりタオル 体洗うタオル 垢すり 毛穴ケア 角質ケア ボディウォッシュタオル ヘチマスポンジ バス用品,41万円,2026-09-13,598円,3.54%,68.19万,@tonari_fu_fu,1.82万,7684963107839544583,https://www.tiktok.com/@tonari_fu_fu/video/7684963107839544583
【公式】 KITEN(キテン) レチノール クリーム 20g,41万円,2026-07-22,434円,4.79%,93.64万,@minichandesu,"1,216",7665182679352036625,https://www.tiktok.com/@minichandesu/video/7665182679352036625
【特別クーポンで50％OFF】【大容量リピ確定BOX】 超ド級450gのスーパージャンボクーヘンセット（450g×3） ※当商品は常温賞味期限約30日です。 常温での発送となります。 簡易包装でお届けしております。 そのため、商品に割れや崩れが生じる場合がございます。  ただし、品質や味には一切問題ございませんので、安心してお召し上がりください。,41万円,2026-09-19,922円,11.64%,44.92万,@hachi_minimal,1.49万,7687172928718245140,https://www.tiktok.com/@hachi_minimal/video/7687172928718245140
Softcore よりみちチーズ屋シリーズ【 開封後のキャンセルができません】ブラインドボックスのゆっくりとした反動でストレス解消になるおもちゃ ストレス解消スクイーズ 【160g】,40万円,2026-08-13,"7,781円",0%,5.18万,@ukon__m666,"1,594",7673497517190810900,https://www.tiktok.com/@ukon__m666/video/7673497517190810900
[クロックス公式ストア] クラシック クラフテッド ヴィーガン スウェード クロッグ,40万円,2026-09-03,"1,779円",25.45%,22.61万,@maneki_akio,1.42万,7680955333136698631,https://www.tiktok.com/@maneki_akio/video/7680955333136698631
【鹿鹿LuLuミルクバター風パンシリーズ】限定品，ねっとりしたスライムと、雲のようなホイップクリームのような触り心地です。食べ物ではありません。プレゼントにぴったりです。ストレス解消おもちゃ［ご注文商品と同じ数の予備袋付き］、ゆっくりした反動でストレスを解消するおもちゃ,40万円,2026-09-16,5万円,67.92%,"8,391",@wishsquishytoys,1.14万,7686024073243069716,https://www.tiktok.com/@wishsquishytoys/video/7686024073243069716
VITAS（バイタス） VITA POWER ビタパワー マカ 亜鉛 マルチビタミン 120タブレット 30日分,40万円,2026-09-04,346円,4.30%,115.71万,@vitas.official.jp,2万,7681592502008171784,https://www.tiktok.com/@vitas.official.jp/video/7681592502008171784
浴室 ラック マグネット シャンプーラック 棚 収納 バスルーム バスケット お風呂 浴室収納 磁石 壁面収納 浮かせる 小物 おもちゃ入れ  シャンプーボトル おしゃれ  タオルハンガー 強力 マグネットラック 壁面,40万円,2026-09-21,677円,6.19%,58.81万,@haru_kids_gohan,"5,207",7687790307886370066,https://www.tiktok.com/@haru_kids_gohan/video/7687790307886370066
吊り下げ圧縮トラベルポーチ 選べる2サイズ 吊り下げポーチ 簡単 圧縮 コンパクト 吊り下げ収納 クローゼット 会社 ジム ロッカー ナイロン生地 帽子 バッグ 整理 旅行 トラベルグッズ 出張（Ｔ）【euni-136】,40万円,2026-08-30,"2,399円",39.11%,16.56万,@osamaru_home,"7,756",7679816379305938196,https://www.tiktok.com/@osamaru_home/video/7679816379305938196
DNZZS スウェット プルスウェット 男 裏起毛 ふんわり 秋 冬 ヴィンテージ感 クルーネック カジュアル 柔らかい 通気 すっきり デイリー コーデ  おしゃれ シンプル ファッション リラックス ゆったり オーバーサイズ ストリートLT-MT-111,40万円,2026-09-09,261円,3.07%,151.93万,@0xlly_l,3.1万,7683495728299150612,https://www.tiktok.com/@0xlly_l/video/7683495728299150612
【福袋1つプレゼント】動物シリーズぷにぷにスクイーズ すぐ戻るスクイーズ  ストレス解消になるおもちゃ,40万円,2026-08-25,437円,4.12%,90.57万,@mimin_diet80,"2,592",7677839148329340168,https://www.tiktok.com/@mimin_diet80/video/7677839148329340168
【公式】オットキャスト OTTOCAST MINI Cube 3.0 新型 ミニ CarPlay＆AndroidAuto ワイヤレス アダプター 2026最新 アンドロイドオート＆カープレイ無線化接続 純正有線CarPlay/Android Auto搭載車適合 ナビ・音声コントロール・音楽・ハンズフリー通話に対応 黒い【技適認証取得済み】,39万円,2026-09-13,289円,3.51%,133.82万,@wansan_minimal,"7,812",7684939644089290002,https://www.tiktok.com/@wansan_minimal/video/7684939644089290002
【3周年記念】限定セール！藤の花ブレスレット — ロマンチックなラベンダーストーン×上品なデザイン、デートにもぴったり,38万円,2026-09-21,"1,523円",17.06%,25.05万,@kimi.loa,"6,613",7687916713286929682,https://www.tiktok.com/@kimi.loa/video/7687916713286929682
