product_7643765244359575304_2026-08-26T01-39-58-CIDjob0fTpB.xlsx	ごちチョク様
product_7643695731309741832_2026-08-26T01-41-56-CIDjqg9SVeW.xlsx	Vision様 × EnterCommerce（10%）
product_7643695731309741832_2026-08-26T01-42-54-CIDjriK1AxQ.xlsx	Vision様 × EnterCommerce（8%）
product_7642245656379180807_2026-08-26T01-45-08-CIDjt31B6Ku.xlsx	Wavytalk様 × EnterCommerce
product_7641603382482929416_2026-08-26T01-46-31-CIDjvWkV0jh.xlsx	WHIP SPICE様 × EnterCommerce（12%）
product_7641603382482929416_2026-08-26T01-47-23-CIDjwRrwPsY.xlsx	WHIP SPICE様 × EnterCommerce（11%）
product_7641470290214799112_2026-08-26T01-48-46-CIDjxuUn9Um.xlsx	ETOA様 x EnterCommerce
product_7641119281443997448_2026-08-26T01-49-57-CIDjy9iAmWw.xlsx	一風堂様 × EnterCommerce
product_7639649635410740999_2026-08-26T01-52-21-CIDj1hSwz22.xlsx	Teddyshop様 × EnterCommerce
product_7639627475554797319_2026-08-26T01-53-09-CIDj2XnPcEL.xlsx	Eddy's Homemade kitchen様
product_7639354762450634503_2026-08-26T01-53-52-CIDj3IgLSF8.xlsx	changefit
product_7639298701227935506_2026-08-26T01-55-43-CIDj5F0Arjx.xlsx	LASIEM × EnterCommerce
product_7639236329373992712_2026-08-26T01-58-24-CIDj75auO21.xlsx	（10%用）フルッタフルッタ様
product_7638416173198493448_2026-08-26T02-00-07-CIDj9t1aygn.xlsx	NINGJP様 × EnterCommerce
product_7637461299044321042_2026-08-26T02-00-54-CIDkAjQkxtN.xlsx	UGREEN様 × EnterCommerce（12%）
product_7637461299044321042_2026-08-26T02-01-21-CIDkBCnFuFH.xlsx	UGREEN様 × EnterCommerce（11%）
product_7636339543226861332_2026-08-26T02-02-56-CIDkCsXur06.xlsx	かわうそ市場様 × EnterCommerce
product_7634476363039262484_2026-08-26T02-03-48-CIDkDnGJTv8.xlsx	NEO Lifestyle様 × EnterCommerce
product_7629985068739593991_2026-08-26T02-04-51-CIDkEt2MvHW.xlsx	三京商会（12%）
product_7629985068739593991_2026-08-26T02-05-23-CIDkFSzZt9J.xlsx	三京商会（11%）
product_7629325921251641109_2026-08-26T02-07-15-CIDkHRGVeku.xlsx	CICIBELLA × EnterCommerce
product_7626657769202960146_2026-08-26T02-12-49-CIDkNJxZ4Fz.xlsx	SOWAN x Entercommerce（1）
product_7626657769202960146_2026-08-26T02-14-00-CIDkOZLQwpb.xlsx	SOWAN x Entercommerce（2）
product_7626638611432310535_2026-08-26T02-15-32-CIDkQBi1TMB.xlsx	宅麺ドットコム様
product_7625493089433011976_2026-08-26T02-16-53-CIDkRb81hG0.xlsx	MBX様(im meme) x Entercommerce
product_7625468962940487442_2026-08-26T02-17-38-CIDkSPCxycW.xlsx	MBX様(nooni) x Entercommerce
product_7623764209734027015_2026-08-26T02-18-29-CIDkTIwSfMZ.xlsx	POTENIA SHOP様 × EnterCommerce
product_7623697700903077650_2026-08-26T02-19-15-CIDkT66CYEu.xlsx	ADVANCED CLINICALS様
product_7618100002677737223_2026-08-26T02-20-01-CIDkUvJFBl8.xlsx	コメライフ様 × EnterCommerce
product_7617841097436382984_2026-08-26T02-20-50-CIDkVmrLhIO.xlsx	TheOniku × EnterCommerce
product_7616580403298502408_2026-08-26T02-21-34-CIDkWYpVbTc.xlsx	LANEIGE × EnterCommerce
product_7616089228853888786_2026-08-26T02-22-17-CIDkXJlNUmF.xlsx	toriko love chocolate（20%）
product_7616089228853888786_2026-08-26T02-22-42-CIDkXk3OJmB.xlsx	toriko love chocolate（15%）
product_7615906035946718994_2026-08-26T02-23-26-CIDkYW5D9Gf.xlsx	タングルティーザー様
product_7615455043024324359_2026-08-26T02-24-21-CIDkZVBxfxk.xlsx	レキット様 x EnterCommerce
product_7612865217580959495_2026-08-26T02-25-06-CIDkaIGaYcP.xlsx	TIRTIR様×EnterCommerce
product_7610363706031965960_2026-08-26T02-25-53-CIDka7atCrh.xlsx	Colorkey様
product_7604793940868908807_2026-08-26T02-33-48-CIDkjTEiXnb.xlsx	LIVE特別料率（18%群→15%）
product_7604793940868908807_2026-08-26T02-34-43-CIDkkSBNHjm.xlsx	LIVE特別料率（15%群→12%）
product_7604793940868908807_2026-08-26T02-35-05-CIDkkp5dXiJ.xlsx	LIVE特別料率（15/3群→10%）
product_7604793940868908807_2026-08-26T02-35-28-CIDklFDzHze.xlsx	LIVE特別料率（10%群→7%）
product_7604793940868908807_2026-08-26T02-37-09-CIDkm1RVJaj.xlsx	LIVE特別料率（10/3群→6%）
product_7604793940868908807_2026-08-26T02-37-31-CIDknPTRY88.xlsx	LIVE特別料率（8%群→7%）
product_7604793940868908807_2026-08-26T02-38-01-CIDknwGjfBj.xlsx	LIVE特別料率（30%群→27%）
product_7604793940868908807_2026-08-26T02-38-24-CIDkoLI551k.xlsx	LIVE特別料率（25%群→22%）
product_7604793940868908807_2026-08-26T02-38-54-CIDkor3ovdM.xlsx	LIVE特別料率（20%群→17%）
product_7604793940868908807_2026-08-26T02-39-17-CIDkpHA4rlO.xlsx	LIVE特別料率（14%群→11%）
product_7604793940868908807_2026-08-26T02-39-47-CIDkpnuM4CW.xlsx	LIVE特別料率（6%群→3%）
product_7604793940868908807_2026-08-26T02-43-24-CIDktcufW9z.xlsx	LIVE特別料率2（30%群→27%）
product_7604793940868908807_2026-08-26T02-43-47-CIDkt1tRvdE.xlsx	LIVE特別料率2（15%群→12%）
product_7604793940868908807_2026-08-26T02-44-09-CIDkuPswERR.xlsx	LIVE特別料率2（8%群→7%）
product_7604793940868908807_2026-08-26T02-45-49-CIDkwA3ees8.xlsx	LIVE特別料率2（18%群→15%）
product_7604793940868908807_2026-08-26T02-46-20-CIDkwiuHpVU.xlsx	LIVE特別料率2（20%群→17%）
